"ID";"Cím";"Modul";"Forrás";"Prioritás";"Típus";"Technika";"Mód";"Előfeltételek";"Tesztadat";"Lépések";"Elvárt eredmény";"Automatizálható";"E-mail (db)";"Megjegyzés";"Állapot"
"TC-AUTH-001";"Sikeres regisztráció minden kötelező adattal és hozzájárulással";"AUTH";"KAN-2; spec 3.1, 4.6";"P1";"Pozitív";"Használati eset";"Böngésző + Supabase";"V (nincs bejelentkezve). A jfkovesi+qa@gmail.com cím még nincs regisztrálva.";"Név: QA Kívülálló; felhasználónév: qa_kivulallo; e-mail: jfkovesi+qa@gmail.com; jelszó: (a felhasználó adja meg); telefon: +36301234567";"1. Nyisd meg a regisztrációs oldalt.
2. Töltsd ki az összes mezőt a tesztadattal.
3. Jelöld be az adatkezelési hozzájárulást.
4. Küldd el az űrlapot.";"- A felület sikeres regisztrációt jelez, és tájékoztat a megerősítő e-mailről.
- A felhasználó NINCS bejelentkezve.
- DB: létrejön az auth.users és a profiles sor (username, full_name, phone), consent_accepted_at kitöltve, e-mail még nincs megerősítve.
- A megerősítő e-mail megérkezik a jfkovesi@gmail.com postafiókba (Supabase Auth küldi).";"Részben";"0";"A cím csak egyszer regisztrálható — újrafuttatáskor új alias kell (+qa2, +qa3…). Ha a levél nem érkezik meg, ellenőrizd a Supabase SMTP-korlátot (Blokkolt, nem termékhiba).";"Tervezett"
"TC-AUTH-002";"Megerősítetlen fiókkal nem lehet bejelentkezni";"AUTH";"KAN-2; spec 2.1";"P2";"Negatív";"Állapotátmenet";"Böngésző";"TC-AUTH-001 lefutott, a megerősítő linkre MÉG NEM kattintottak.";"qa_kivulallo + helyes jelszó";"1. Próbálj bejelentkezni a qa_kivulallo felhasználónévvel és helyes jelszóval.";"- A bejelentkezés nem sikerül.
- Érthető üzenet jelzi, hogy az e-mail címet előbb meg kell erősíteni.";"Nem";"0";"";"Tervezett"
"TC-AUTH-003";"A megerősítő link a bejelentkező oldalra visz, automatikus bejelentkezés nélkül";"AUTH";"KAN-2; spec 4.14";"P1";"Pozitív";"Állapotátmenet";"Böngésző + Supabase";"TC-AUTH-001 megerősítő levele megérkezett.";"—";"1. Kattints a megerősítő levélben lévő linkre (a felhasználó végzi, vagy megosztja a linket).
2. Figyeld meg, melyik oldal jelenik meg.";"- A bejelentkező oldal jelenik meg a sikeres megerősítés üzenetével.
- A felhasználó NINCS automatikusan bejelentkezve.
- DB: auth.users.email_confirmed_at kitöltve.";"Nem";"0";"";"Tervezett"
"TC-AUTH-004";"Regisztráció hozzájárulás nélkül nem lehetséges";"AUTH";"KAN-2; spec 4.6";"P1";"Negatív";"Ekvivalencia-osztály";"Böngésző + Supabase";"V.";"Új alias (pl. jfkovesi+qa-neg1@gmail.com), minden más mező érvényes";"1. Töltsd ki a regisztrációs űrlapot érvényes adatokkal.
2. A hozzájárulás jelölőnégyzetet hagyd üresen.
3. Próbáld elküldeni.";"- A regisztráció nem jön létre.
- A felület jelzi a hiányzó hozzájárulást.
- DB: nincs új auth.users sor ezzel a címmel.";"Igen";"0";"";"Tervezett"
"TC-AUTH-005";"Foglalt felhasználónévvel nem lehet regisztrálni";"AUTH";"KAN-2; spec 2.1";"P1";"Negatív";"Ekvivalencia-osztály";"Böngésző + Supabase";"V. S felhasználóneve ismert (leltárból).";"Felhasználónév = S meglévő felhasználóneve; új alias e-mail";"1. Regisztrálj S felhasználónevével, de új e-mail címmel, hozzájárulással.";"- A rendszer hibaüzenettel elutasítja a regisztrációt.
- DB: nem jön létre új auth.users / profiles sor (árva auth.users sor sem!).";"Igen";"0";"Error guessing: a profiles unique hiba a trigger miatt a teljes regisztrációt vissza kell görgesse.";"Tervezett"
"TC-AUTH-006";"Foglalt e-mail címmel nem lehet regisztrálni";"AUTH";"KAN-2; spec 2.1, 3.1 (v11)";"P1";"Negatív";"Ekvivalencia-osztály";"Böngésző + Supabase";"V.";"E-mail: omeckl@yahoo.com (U1, már regisztrált); új felhasználónév";"1. Regisztrálj U1 e-mail címével, új felhasználónévvel, minden más mező érvényes, hozzájárulással.
2. Ellenőrizd a felületi üzenetet, a DB-t és U1 postafiókját.";"- A rendszer elutasítja a regisztrációt, és egyértelmű hibaüzenetet ad arról, hogy ezzel az e-mail címmel már létezik regisztráció.
- NEM jelenik meg látszólagos siker (pl. „Ellenőrizd a postafiókodat”, „Sikeres regisztráció”).
- DB: nem jön létre új profiles sor; U1 fiókja (profil, jelszó, megerősítés) változatlan.
- U1 nem kap megerősítő levelet.";"Igen";"0";"SQ-12 lezárva (v11). Kockázat: a Supabase Auth bekapcsolt e-mail-megerősítésnél alapértelmezésben látszólagos sikert ad meglévő címre — ha így működik, Sikertelen, hibajegy (Közepes).";"Tervezett"
"TC-AUTH-007";"Kötelező mezők üresen hagyva — mindegyik külön";"AUTH";"KAN-2";"P2";"Negatív";"Ekvivalencia-osztály";"Böngésző";"V.";"Egyszerre mindig csak egy mező üres (név, felhasználónév, e-mail, jelszó, telefon); csak szóköz is";"1. Minden kötelező mezőre: hagyd üresen (majd csak szóközzel töltsd ki), a többit töltsd ki helyesen, és küldd el.";"- Egyik esetben sem jön létre fiók.
- A hibás mező egyértelműen meg van jelölve, érthető magyar üzenettel.";"Igen";"0";"";"Tervezett"
"TC-AUTH-008";"Érvénytelen e-mail és telefonszám formátum";"AUTH";"KAN-2";"P2";"Negatív";"Ekvivalencia-osztály";"Böngésző";"V.";"E-mail: 'abc', 'abc@', 'a b@c.hu'; telefon: 'abc', '12', 300 karakteres szám";"1. Próbálj regisztrálni egyenként az érvénytelen értékekkel.";"- A rendszer elutasítja, és jelzi a hibás mezőt.";"Igen";"0";"A telefonszám formátuma a spec-ben nincs definiálva — ha minden elfogadott, Megfigyelés + Spec-kérdés.";"Tervezett"
"TC-AUTH-009";"Jelszó minimális követelménye";"AUTH";"spec 5";"P3";"Határérték";"Határérték-elemzés";"Böngésző";"V.";"Jelszó: 1 karakter, 5 karakter, 6 karakter";"1. Próbálj regisztrálni a különböző hosszúságú jelszavakkal.";"- A túl rövid jelszó elutasításra kerül érthető üzenettel.";"Igen";"0";"ARCHIVÁLT — SQ-6: a felhasználó döntése szerint erre nem kell teszteset (2026-09-30).";"Archivált"
"TC-AUTH-010";"Bejelentkezés felhasználónévvel";"AUTH";"KAN-2; spec 4.10";"P1";"Pozitív";"Ekvivalencia-osztály";"Böngésző";"S megerősített fiók, kijelentkezett állapot.";"S felhasználóneve + jelszó";"1. Jelentkezz be S felhasználónevével és jelszavával.";"- Sikeres bejelentkezés, a navigációban S neve / profilmenüje látszik.";"Igen";"0";"";"Tervezett"
"TC-AUTH-011";"Bejelentkezés e-mail címmel";"AUTH";"KAN-2; spec 4.10";"P1";"Pozitív";"Ekvivalencia-osztály";"Böngésző";"U1 megerősített fiók, kijelentkezett állapot.";"omeckl@yahoo.com + jelszó";"1. Jelentkezz be U1 e-mail címével és jelszavával.";"- Sikeres bejelentkezés.";"Igen";"0";"";"Tervezett"
"TC-AUTH-012";"Hibás jelszó / nem létező felhasználó";"AUTH";"KAN-2";"P1";"Negatív";"Ekvivalencia-osztály";"Böngésző";"Kijelentkezett állapot.";"S felhasználónév + rossz jelszó; nem létező 'qa_nincs_ilyen' + bármi";"1. Próbálj bejelentkezni a két hibás kombinációval.";"- Mindkét esetben sikertelen bejelentkezés.
- Az üzenet nem árulja el, hogy a felhasználó létezik-e (azonos szöveg).";"Igen";"0";"";"Tervezett"
"TC-AUTH-013";"Bejelentkezés kis/nagybetű-eltéréssel és szóközökkel";"AUTH";"spec 4.10";"P3";"Hibasejtés";"Hibasejtés";"Böngésző";"Kijelentkezett állapot.";"'  Omeckl@Yahoo.com ' ; S felhasználónév nagybetűvel";"1. Jelentkezz be a megadott változatokkal.";"- Az e-mail cím kis/nagybetűtől és vezető/záró szóköztől függetlenül működik.
- A felhasználónév viselkedése konzisztens (ha érzékeny a kis/nagybetűre, jegyezd fel Megfigyelésként).";"Igen";"0";"";"Tervezett"
"TC-AUTH-014";"Kijelentkezés és védett oldalak elérhetetlensége utána";"AUTH";"KAN-2";"P1";"Negatív";"Használati eset";"Böngésző";"S bejelentkezve.";"Védett URL-ek: Foglalásaim, Hirdetéseim, Utasaim, Járműveim, Profil";"1. Kattints a Kijelentkezés gombra.
2. Nyisd meg közvetlen URL-lel egyenként a védett oldalakat.
3. Használd a böngésző Vissza gombját.";"- A kijelentkezés után a védett oldalak nem jelenítenek meg adatot, bejelentkezésre irányítanak.
- A Vissza gomb sem mutat korábbi személyes adatot.";"Igen";"0";"";"Tervezett"
"TC-AUTH-015";"A kijelentkezés gomb felirata mindenhol „Kijelentkezés”";"AUTH";"KAN-27";"P3";"Regresszió";"Hibasejtés";"Böngésző";"S bejelentkezve.";"Nézetek: asztali navigáció, mobil navigáció (390×844), profilmenü, gyorslinkek";"1. Nézd meg a kijelentkezés elemet minden megadott helyen.";"- Mindenhol pontosan „Kijelentkezés” a felirat (sehol nem „Kilépés”).";"Igen";"0";"";"Tervezett"
"TC-AUTH-016";"A jelszó hash-elve tárolódik";"AUTH";"KAN-9; spec 5";"P2";"Pozitív";"Adat-ellenőrzés";"Supabase";"TC-AUTH-001 lefutott.";"qa_kivulallo";"1. Lekérdezéssel nézd meg az auth.users encrypted_password mezőjét (csak a formátumot, az értéket ne írd ki).
2. Ellenőrizd, hogy a public sémában (profiles stb.) nincs jelszó-oszlop.";"- Az encrypted_password bcrypt formátumú ($2a$/$2b$ előtag).
- Nyílt szövegű jelszó sehol nem tárolódik.";"Igen";"0";"";"Tervezett"
"TC-AUTH-017";"Az adatkezelési hozzájárulás időpontja tárolódik";"AUTH";"spec 2.1, 4.6";"P3";"Pozitív";"Adat-ellenőrzés";"Supabase";"TC-AUTH-001 lefutott.";"qa_kivulallo";"1. Kérdezd le a profiles.consent_accepted_at mezőt.";"- Ki van töltve, és a regisztráció idejéhez közeli.";"Igen";"0";"";"Tervezett"
"TC-JARMU-001";"Jármű hozzáadása";"JARMU";"KAN-3; spec 2.2";"P1";"Pozitív";"Használati eset";"Böngésző + Supabase";"S bejelentkezve. S meglévő járműveinek leltára elkészült.";"J-A: típus 'QA_Skoda Octavia', férőhely 4, rendszám 'QAA-101'";"1. Nyisd meg a Járműveim oldalt.
2. Add hozzá a J-A járművet.
3. Frissítsd az oldalt.";"- A jármű megjelenik a Járműveim listában a megadott adatokkal (frissítés után is).
- DB: vehicles sor S tulajdonában, seats = 4.";"Igen";"0";"";"Tervezett"
"TC-JARMU-002";"Második jármű hozzáadása — mindkettő elérhető marad";"JARMU";"KAN-3";"P2";"Pozitív";"Használati eset";"Böngésző";"TC-JARMU-001 kész.";"J-B: 'QA_Suzuki Swift', férőhely 2, 'QAA-102'";"1. Add hozzá a J-B járművet.";"- J-A és J-B is látszik a listában; S korábbi járművei is változatlanul megvannak.
- A hirdetés-létrehozásnál mindkettő választható.";"Igen";"0";"";"Tervezett"
"TC-JARMU-003";"Férőhely határértékei";"JARMU";"KAN-3; séma: seats 1–8";"P2";"Határérték";"Határérték-elemzés";"Böngésző + Supabase";"S bejelentkezve.";"Férőhely: 0, 1, 8, 9, -1, 2.5, üres";"1. Próbálj járművet felvenni egyenként a megadott férőhely-értékekkel.";"- 1 és 8 elfogadott; 0, 9, -1, 2.5, üres elutasítva érthető üzenettel.
- DB: érvénytelen értékkel nem jön létre sor.";"Igen";"0";"Az elfogadott 1 és 8 férőhelyes QA járműveket a teszt után töröld.";"Tervezett"
"TC-JARMU-004";"Kötelező mezők (típus, rendszám) üresen";"JARMU";"KAN-3";"P2";"Negatív";"Ekvivalencia-osztály";"Böngésző";"S bejelentkezve.";"Üres típus; üres rendszám; csak szóköz";"1. Próbálj járművet felvenni hiányzó típussal, majd hiányzó rendszámmal.";"- Nem jön létre jármű, a hiányzó mező jelölve van.";"Igen";"0";"";"Tervezett"
"TC-JARMU-005";"Jármű szerkesztése, amikor nincs aktív hirdetése";"JARMU";"KAN-3, KAN-28; spec 4.13";"P1";"Pozitív";"Döntési tábla";"Böngésző + Supabase";"J-B-nek nincs aktív hirdetése.";"J-B új adatok: 'QA_Suzuki Swift Sport', férőhely 3, 'QAA-103'";"1. Nyisd meg J-B szerkesztését.
2. Módosítsd mindhárom mezőt, mentsd.";"- A módosítás mentésre kerül és a listában látszik.
- DB: a vehicles sor frissült.";"Igen";"0";"";"Tervezett"
"TC-JARMU-006";"Jármű törlése, amikor nincs aktív hirdetése — megerősítéssel";"JARMU";"KAN-28; spec 4.13, 4.18";"P2";"Pozitív";"Állapotátmenet";"Böngésző + Supabase";"J-B-nek nincs aktív hirdetése.";"J-B";"1. Kattints J-B törlésére.
2. A megerősítő ablakban nyomd a Mégse gombot.
3. Ellenőrizd, hogy J-B megvan.
4. Töröld újra, most erősítsd meg.";"- Mégse után J-B változatlanul megvan.
- Megerősítés után J-B eltűnik; DB: a sor törölve.
- Natív böngésző-dialógus nem jelenik meg (saját megerősítő ablak).";"Igen";"0";"";"Tervezett"
"TC-JARMU-007";"Aktív hirdetéssel rendelkező jármű nem szerkeszthető a felületen";"JARMU";"KAN-28; spec 4.13";"P1";"Negatív";"Döntési tábla";"Böngésző";"J-A-hoz tartozik aktív hirdetés (H-ALAP).";"J-A";"1. Nyisd meg a Járműveim oldalt, próbáld szerkeszteni J-A-t.";"- A szerkesztés nem érhető el (gomb letiltva/elrejtve), és a felület jelzi az okot (aktív hirdetés).";"Igen";"0";"";"Tervezett"
"TC-JARMU-008";"Aktív hirdetéssel rendelkező jármű nem törölhető a felületen";"JARMU";"KAN-28; spec 4.13";"P1";"Negatív";"Döntési tábla";"Böngésző";"J-A-hoz tartozik aktív hirdetés.";"J-A";"1. Próbáld törölni J-A-t.";"- A törlés nem érhető el, és a felület jelzi az okot.";"Igen";"0";"";"Tervezett"
"TC-JARMU-009";"Szerver: aktív hirdetéses jármű módosítása és törlése API-n elutasítva";"JARMU";"KAN-28 (4. krit.); spec 4.13";"P1";"Negatív";"Szerver oldali validáció";"Supabase";"J-A-hoz aktív hirdetés tartozik. S munkamenete (anon kulcs + S tokenje).";"J-A azonosító";"1. S nevében hívd meg a jármű-módosítást (RPC vagy REST update) J-A-ra új férőhellyel.
2. S nevében próbáld törölni J-A-t REST-en.";"- Mindkét kérés hibával elutasítva.
- DB: J-A adatai változatlanok, a sor megvan.";"Igen";"0";"";"Tervezett"
"TC-JARMU-010";"Jármű, amelynek csak törölt hirdetése van, újra szerkeszthető és törölhető";"JARMU";"KAN-28 (3. krit.); spec 4.13";"P2";"Pozitív";"Állapotátmenet";"Böngésző";"Egy QA járműhöz (pl. J-C, 1 férőhely) csak törölt (cancelled) hirdetés tartozik.";"J-C: 'QA_Fiat 500', 1, 'QAA-104'";"1. Hozz létre J-C-t, adj fel rá hirdetést, töröld a hirdetést.
2. Szerkeszd J-C-t, majd töröld.";"- A szerkesztés és a törlés is sikeres.
- A törölt hirdetés a Hirdetéseim korábbi blokkjában továbbra is látszik.";"Igen";"1";"A hirdetés-törlés 1 e-mailt küld S-nek. A lejárt-hirdetéses ág a H-LEJAR után ellenőrizhető ugyanígy.";"Tervezett"
"TC-HIRD-001";"Hirdetés létrehozása — a szabad helyek alapértéke a jármű férőhelye";"HIRD";"KAN-4; spec 4.2";"P1";"Pozitív";"Használati eset";"Böngésző + Supabase";"S bejelentkezve, J-A létezik.";"H-ALAP: QA_Budapest → Debrecen, ma+7 08:00, ár 3000, J-A";"1. Nyisd meg a hirdetés létrehozása oldalt.
2. Válaszd J-A-t, és nézd meg a helyek mező alapértékét.
3. Töltsd ki a többi mezőt, mentsd.";"- A helyek mező alapértéke 4 (J-A férőhelye).
- A hirdetés létrejön; a keresőben és a Hirdetéseim-ben megjelenik.
- DB: listings sor status = active, seats_total = 4, car_plate = QAA-101.";"Igen";"0";"";"Tervezett"
"TC-HIRD-002";"Szabad helyek csökkentése létrehozáskor";"HIRD";"KAN-4; spec 4.2";"P2";"Pozitív";"Ekvivalencia-osztály";"Böngésző";"S, J-A.";"H-SZUK: QA_Budapest → Pécs, ma+14 10:00, ár 4000, helyek 1";"1. Hozz létre hirdetést J-A-val, a helyek számát állítsd 1-re.";"- A hirdetés 1 szabad hellyel jön létre.";"Igen";"0";"";"Tervezett"
"TC-HIRD-003";"A helyek száma nem lépheti túl a jármű férőhelyét (felület)";"HIRD";"KAN-4, KAN-14; spec 4.1, 4.2";"P1";"Határérték";"Határérték-elemzés";"Böngésző";"S, J-A (4 hely).";"Helyek: 4, 5, 99";"1. A létrehozás űrlapon J-A-val próbáld beírni / léptetni a 4, 5 és 99 értéket, és mentsd.";"- A 4 elfogadott; az 5 és 99 nem adható meg vagy mentéskor elutasítva, érthető üzenettel.";"Igen";"0";"";"Tervezett"
"TC-HIRD-004";"Szerver: kapacitás feletti hirdetés API-n elutasítva";"HIRD";"KAN-14; spec 4.1";"P1";"Negatív";"Szerver oldali validáció";"Supabase";"S munkamenete.";"create_listing J-A-val, seats_total = 5";"1. S nevében hívd a create_listing RPC-t 5 hellyel.";"- Hiba: „nem lehet több, mint a jármű férőhelye”.
- DB: nem jön létre hirdetés.";"Igen";"0";"";"Tervezett"
"TC-HIRD-005";"Dátumtartomány határértékei a felületen";"HIRD";"KAN-19; spec 4.19";"P1";"Határérték";"Határérték-elemzés";"Böngésző";"S, J-A.";"Dátum: ma−1, ma (most+2 óra), ma+365, ma+366";"1. A létrehozás űrlap dátumválasztójában próbáld kiválasztani / beírni a négy dátumot.";"- ma−1 és ma+366 nem választható / nem menthető.
- ma és ma+365 választható és menthető.";"Igen";"0";"A határ Europe/Budapest szerint értendő; futtatás időpontját rögzítsd.";"Tervezett"
"TC-HIRD-006";"Szerver: dátum- és időpont-validáció API-n";"HIRD";"KAN-19; spec 4.19";"P1";"Határérték";"Szerver oldali validáció";"Supabase";"S munkamenete.";"create_listing: ma−1; ma, most−10 perc; ma+365; ma+366";"1. Hívd a create_listing RPC-t a négy dátum/idő kombinációval.";"- ma−1, a mai már elmúlt időpont és ma+366: hiba.
- ma+365: sikeres (utána töröld).";"Igen";"1";"A ma+365-ös hirdetés törlése 1 e-mailt küld S-nek.";"Tervezett"
"TC-HIRD-007";"Szabad helyek 0 vagy negatív";"HIRD";"spec 2.3; séma";"P2";"Határérték";"Határérték-elemzés";"Böngésző + Supabase";"S, J-A.";"Helyek: 0, -1";"1. Próbálj hirdetést létrehozni 0, majd -1 hellyel (felületen és API-n).";"- Mindkettő elutasítva: „Legalább 1 szabad helyet meg kell hirdetni”.";"Igen";"0";"";"Tervezett"
"TC-HIRD-008";"Ár érvényessége";"HIRD";"spec 2.3; séma: ár > 0";"P2";"Határérték";"Ekvivalencia-osztály";"Böngésző";"S, J-A.";"Ár: 0, -100, 1, 2500.5, 'abc', 10 000 000";"1. Próbálj hirdetést létrehozni a megadott árakkal.";"- 0, negatív, szöveg: elutasítva.
- 1 elfogadott.
- Tizedes és irreálisan nagy ár viselkedése dokumentálva.";"Igen";"0";"ARCHIVÁLT — SQ-5: a felhasználó döntése szerint erre nem kell teszteset (2026-09-30).";"Archivált"
"TC-HIRD-009";"Jármű nélküli felhasználó nem tud hirdetést feladni";"HIRD";"KAN-4; spec 1, 3.3";"P2";"Negatív";"Döntési tábla";"Böngésző";"K bejelentkezve, K-nak nincs járműve.";"—";"1. Próbáld megnyitni a hirdetés létrehozása oldalt / funkciót.";"- A hirdetés nem hozható létre; a felület a jármű felvételére irányít vagy ezt jelzi.";"Igen";"0";"";"Tervezett"
"TC-HIRD-010";"A helyek mező felirata „Maximális szabad helyek”";"HIRD";"KAN-34";"P3";"Regresszió";"Hibasejtés";"Böngésző";"S, H-ALAP.";"—";"1. Nézd meg a létrehozás és a szerkesztés űrlapot.";"- Mindkét űrlapon a felirat „Maximális szabad helyek”.";"Igen";"0";"";"Tervezett"
"TC-HIRD-011";"Foglalás nélküli hirdetés minden mezője szerkeszthető";"HIRD";"KAN-4, KAN-21; spec 4.11";"P1";"Pozitív";"Döntési tábla";"Böngésző + Supabase";"H-ALAP-on nincs foglalás.";"Új ár 3500, új dátum ma+8 09:30, helyek 3; utána helyek vissza 4-re";"1. Nyisd meg H-ALAP szerkesztését, módosítsd az árat, dátumot, időt és a helyek számát, mentsd.
2. Ellenőrizd, majd állítsd vissza a helyek számát 4-re (a későbbi tesztek ezt várják).";"- Minden módosítás mentésre kerül és látszik.
- DB: a listings sor frissült, updated_at új.";"Igen";"0";"";"Tervezett"
"TC-HIRD-012";"Induló és célállomás nem módosítható";"HIRD";"spec 4.11";"P2";"Negatív";"Döntési tábla";"Böngésző + Supabase";"H-ALAP (foglalás nélkül).";"—";"1. Nyisd meg a szerkesztő űrlapot, keresd az induló és célállomás mezőt.
2. API-n próbáld a from_city / to_city mezőt frissíteni (REST update).";"- A felületen nem szerkeszthető.
- API-n elutasítva vagy hatástalan; DB változatlan.";"Igen";"0";"";"Tervezett"
"TC-HIRD-013";"Foglalás után az ár, dátum és idő zárolt (felület)";"HIRD";"KAN-21; spec 4.11 (v8)";"P1";"Negatív";"Döntési tábla";"Böngésző";"H-FOGLALT: U1 1 helyet foglalt.";"—";"1. S-ként nyisd meg H-FOGLALT szerkesztését.";"- Az ár, dátum és idő mező nem szerkeszthető, a felület jelzi az okot.
- A helyek száma szerkeszthető.";"Igen";"0";"";"Tervezett"
"TC-HIRD-014";"Foglalás után a helyek száma a lefoglalt és a férőhely között állítható";"HIRD";"spec 4.11 (v8); KAN-21";"P1";"Határérték";"Határérték-elemzés";"Böngésző + Supabase";"H-FOGLALT aktív foglalásokkal; B = az aktív foglalásokban lefoglalt helyek összege (a futás aktuális állapotából, DB-ből), J-A = 4.";"Helyek: B−1, B, B+1 (ha ≤ 4), 4, 5";"1. Kérdezd le B értékét.
2. S-ként állítsd a helyek számát egyenként B−1, B, B+1, 4, 5-re, és próbáld menteni.
3. A végén állítsd vissza 4-re.";"- B−1 (a lefoglalt alatt) és 5 (férőhely felett) elutasítva, érthető üzenettel.
- B, B+1 és 4 elfogadva.
- DB: seats_total mindig a legutóbbi sikeres értéken.";"Igen";"0";"A KAN-4/KAN-21 story még „csak növelhető”-t ír; a v8-as spec szerint csökkenthető is a lefoglalt számig — a spec az orákulum (SQ-11).";"Tervezett"
"TC-HIRD-015";"Szerver: zárolt hirdetés árának / dátumának módosítása API-n";"HIRD";"KAN-21; spec 4.11";"P1";"Negatív";"Szerver oldali validáció";"Supabase";"H-FOGLALT foglalással.";"update_listing: új ár; új dátum";"1. S nevében hívd az update_listing RPC-t új árral, majd új dátummal.";"- Mindkét hívás hibával elutasítva.
- DB változatlan.";"Igen";"0";"";"Tervezett"
"TC-HIRD-016";"Szerver: helyek csökkentése a lefoglalt alá API-n";"HIRD";"spec 4.11";"P1";"Negatív";"Szerver oldali validáció";"Supabase";"H-FOGLALT 2 lefoglalt hellyel.";"update_listing seats_total = 1";"1. S nevében hívd az update_listing RPC-t 1 hellyel.";"- Hiba: „nem csökkenthető a már lefoglalt helyek alá”. DB változatlan.";"Igen";"0";"";"Tervezett"
"TC-HIRD-017";"Hirdetés-módosításról nem megy e-mail értesítés";"HIRD";"KAN-4; spec 3.8, 4.11, 4.15 (v11)";"P2";"Negatív";"Használati eset";"Supabase";"H-FOGLALT, U1 aktív foglalással; egy foglalás nélküli hirdetés (H-ALAP a foglalások előtt).";"Helyek száma +1 (H-FOGLALT); ár módosítása (H-ALAP)";"1. S-ként növeld H-FOGLALT helyeinek számát, mentsd.
2. S-ként módosítsd H-ALAP árát (még foglalás nélkül), mentsd.
3. Nézd meg az Edge Function naplót a két művelet időablakára.";"- Egyik módosítás sem vált ki értesítést: a naplóban nincs notify-booking hívás, sem a sofőr, sem az utasok nem kapnak levelet.";"Igen";"0";"SQ-1 lezárva (v11): hirdetés-módosításról nincs értesítés.";"Tervezett"
"TC-HIRD-018";"Saját hirdetés „Saját hirdetés” jelölést kap a listán";"HIRD";"spec 4.24, 4.8";"P2";"Pozitív";"Jogosultsági mátrix";"Böngésző";"S bejelentkezve, H-ALAP létezik.";"—";"1. S-ként nyisd meg a főoldali listát.
2. Jelentkezz be U1-ként, nézd meg ugyanazt a kártyát.";"- S-nél a saját kártyán jól látható „Saját hirdetés” jelölés van.
- U1-nél ez a jelölés nincs.";"Igen";"0";"";"Tervezett"
"TC-HIRD-019";"Saját hirdetés részletes nézetén nincs foglalási doboz";"HIRD";"spec 4.24, 4.4";"P2";"Negatív";"Jogosultsági mátrix";"Böngésző";"S bejelentkezve, H-ALAP.";"—";"1. S-ként nyisd meg H-ALAP részletes nézetét.";"- A helyszám-választó és a „Hely foglalása” gomb nem jelenik meg.";"Igen";"0";"";"Tervezett"
"TC-HIRD-020";"Elindult hirdetés nem szerkeszthető";"HIRD";"migráció: prevent_actions_on_departed_listings; spec 4.19";"P2";"Negatív";"Állapotátmenet";"Böngésző + Supabase";"H-LEJAR indulási ideje elmúlt.";"—";"1. S-ként próbáld szerkeszteni H-LEJAR-t a felületen és update_listing hívással.";"- A szerkesztés nem lehetséges; API: hiba. DB változatlan.";"Igen";"0";"";"Tervezett"
"TC-HIRD-021";"Dupla kattintás a mentés gombon nem hoz létre két hirdetést";"HIRD";"Hibasejtés";"P2";"Hibasejtés";"Hibasejtés";"Böngésző + Supabase";"S, J-A.";"QA_Budapest → Eger, ma+21";"1. Töltsd ki a létrehozás űrlapot, és kattints kétszer gyorsan a mentés gombra.";"- Pontosan egy hirdetés jön létre (DB-ben is).";"Igen";"0";"";"Tervezett"
"TC-KERES-001";"Alap lista: csak jövőbeli utak, időpont szerint növekvő sorrendben";"KERES";"KAN-5; spec 4.8";"P1";"Pozitív";"Használati eset";"Böngésző + Supabase";"H-ALAP, H-FOGLALT, H-SZUK létezik.";"—";"1. Nyisd meg a hirdetéslistát szűrés nélkül.";"- A hirdetések utazási időpont szerint növekvő sorrendben jelennek meg (a QA hirdetések egymáshoz képest is).
- Nincs múltbeli indulású hirdetés.";"Igen";"0";"";"Tervezett"
"TC-KERES-002";"Ma induló, de már elindult hirdetés nem jelenik meg";"KERES";"KAN-5; spec 4.8 (v11)";"P2";"Határérték";"Határérték-elemzés";"Böngésző";"H-LEJAR: ma, most+20 perc.";"—";"1. Indulás előtt ellenőrizd, hogy H-LEJAR a listában van.
2. Az indulási idő után 1-2 perccel frissítsd a listát.";"- Indulás előtt látszik, utána nem.";"Részben";"0";"SQ-2 lezárva (v11): az indulási időpont (dátum + idő) számít.";"Tervezett"
"TC-KERES-003";"Szűrés induló helyre";"KERES";"KAN-5; spec 4.8";"P2";"Pozitív";"Ekvivalencia-osztály";"Böngésző";"QA hirdetések QA_Budapest indulással.";"Induló: QA_Budapest";"1. Szűrj az induló helyre.";"- Csak QA_Budapest indulású hirdetések jelennek meg.";"Igen";"0";"";"Tervezett"
"TC-KERES-004";"Szűrés célállomásra és kombinált szűrés";"KERES";"KAN-5; spec 4.8";"P2";"Pozitív";"Döntési tábla";"Böngésző";"H-ALAP (Debrecen), H-SZUK (Pécs).";"Cél: Pécs; majd induló QA_Budapest + cél Pécs; majd induló QA_Budapest + cél Nincsilyen";"1. Szűrj célállomásra, majd a kombinációkra.";"- Csak az illeszkedő hirdetések jelennek meg; a nem illeszkedő kombinációnál érthető „nincs találat” üzenet.";"Igen";"0";"";"Tervezett"
"TC-KERES-005";"Időszak szűrő határértékei";"KERES";"KAN-5; spec 4.8";"P2";"Határérték";"Határérték-elemzés";"Böngésző";"H-SZUK: ma+14.";"Időszak: [ma+14, ma+14]; [ma+13, ma+13]; [ma+15, ma+20]; kezdő > vég";"1. Szűrj a megadott időszakokra (induló: QA_Budapest).";"- [ma+14, ma+14]: H-SZUK megjelenik (a határnap bezárólag számít).
- [ma+13, ma+13] és [ma+15, ma+20]: nem jelenik meg.
- Kezdő > vég: érthető hibajelzés vagy üres lista, nem hiba az oldalon.";"Igen";"0";"";"Tervezett"
"TC-KERES-006";"Szabad helyek minimuma szűrő";"KERES";"KAN-5; spec 4.8 (v11)";"P2";"Határérték";"Határérték-elemzés";"Böngésző";"H-FOGLALT: 4 hely, ebből 1 foglalt (3 maradt).";"Min. hely: 3, 4";"1. Szűrj QA_Budapest indulásra és min. 3, majd min. 4 szabad helyre.";"- Min. 3: H-FOGLALT megjelenik; min. 4: nem jelenik meg (a szűrő a még foglalható helyeket nézi).";"Igen";"0";"SQ-3 lezárva (v11): a szűrő a még foglalható helyeket nézi.";"Tervezett"
"TC-KERES-007";"Törölt hirdetés nem jelenik meg a listában";"KERES";"spec 4.12, 4.8";"P1";"Negatív";"Állapotátmenet";"Böngésző";"H-TOROL törölve (TC-LEMOND-004 után).";"—";"1. Keress rá H-TOROL-ra (QA_Budapest → Eger).";"- Nem jelenik meg a listában; közvetlen URL-en nem foglalható.";"Igen";"0";"";"Tervezett"
"TC-KERES-008";"Betelt hirdetés nem jelenik meg a listában";"KERES";"KAN-5; spec 4.8 (v11)";"P2";"Határérték";"Határérték-elemzés";"Böngésző";"H-SZUK betelt (1/1 foglalt) — a TC-FOGL-016 egyik köre után, a lemondás előtt.";"—";"1. Nézd meg a listában H-SZUK-ot, majd a részletes nézetét.";"- A betelt hirdetés nem jelenik meg a hirdetéslistában (szűrés nélkül és szűréssel sem).
- Közvetlen URL-en megnyitva nem foglalható (a foglalási doboz tiltott vagy „nincs szabad hely” üzenet).";"Igen";"0";"SQ-4 lezárva (v11): a betelt hirdetés rejtve.";"Tervezett"
"TC-KERES-009";"Keresés kis/nagybetű, ékezet és részleges egyezés";"KERES";"spec 4.8";"P3";"Hibasejtés";"Hibasejtés";"Böngésző";"H-SZUK (Pécs), H-ALAP (Debrecen).";"'pécs', 'PÉCS', 'Pecs', 'debr', ' Debrecen '";"1. Szűrj célállomásra a megadott változatokkal.";"- A kis/nagybetű és a szóközök nem befolyásolják a találatot; az ékezet nélküli és részleges keresés viselkedése dokumentálva.";"Igen";"0";"";"Tervezett"
"TC-KERES-010";"Vendég böngészhet és szűrhet a hirdetések között";"KERES";"KAN-5; spec 3.4, 4.8 (v11)";"P2";"Pozitív";"Jogosultsági mátrix";"Böngésző";"V (kijelentkezve).";"Szűrés: induló QA_Budapest";"1. Kijelentkezve nyisd meg a főoldali listát.
2. Szűrj induló helyre.
3. Nyisd meg egy hirdetés részleteit.";"- A lista bejelentkezés nélkül megjelenik, a szűrés működik.
- A részletek oldal megnyílik, a nyilvános adatok (útvonal, dátum/idő, ár, még foglalható helyek) láthatók.
- Rendszám, sofőr telefon és e-mail nem látszik (a hálózati válaszokban sem).
- Foglalásra kattintva a rendszer bejelentkezést kér (lásd TC-FOGL-019).";"Igen";"0";"SQ-8 lezárva (v11): a vendég böngészhet.";"Tervezett"
"TC-FOGL-001";"Sikeres foglalás 1 helyre — azonnal, jóváhagyás nélkül";"FOGL";"KAN-6; spec 3.5, 4.3";"P1";"Pozitív";"Használati eset";"Böngésző + Supabase";"H-FOGLALT (4 hely, foglalás nélkül). U1 bejelentkezve.";"H-FOGLALT: QA_Budapest → Szeged, ma+10 09:00; 1 hely";"1. U1-ként nyisd meg H-FOGLALT részleteit.
2. Foglalj 1 helyet.";"- A foglalás azonnal létrejön, visszajelzés jelenik meg.
- A szabad helyek száma 4-ről 3-ra csökken.
- U1 Foglalásaim oldalán Aktív foglalásként látszik.
- DB: egy bookings sor, status = active, seats_booked = 1.
- Mindkét fél megkapja a booking_created e-mailt (naplóban ok:true).";"Igen";"2";"";"Tervezett"
"TC-FOGL-002";"Foglalás több helyre egyszerre";"FOGL";"KAN-6; spec 2.4";"P2";"Pozitív";"Ekvivalencia-osztály";"Böngésző + Supabase";"H-FOGLALT 3 szabad hellyel. U2 bejelentkezve.";"2 hely";"1. U2-ként foglalj 2 helyet H-FOGLALT-ra.";"- A foglalás 2 hellyel jön létre; a szabad helyek 3-ról 1-re csökkennek.
- A végösszeg (ha megjelenik) = 2 × ár.";"Igen";"2";"";"Tervezett"
"TC-FOGL-003";"Kapacitás feletti foglalás elutasítása (felület)";"FOGL";"KAN-6; spec 4.1";"P1";"Határérték";"Határérték-elemzés";"Böngésző";"H-FOGLALT 1 szabad hellyel. U1 bejelentkezve (van már foglalása).";"Kért helyek: 2";"1. Próbálj 2 helyet foglalni (vagy a helyválasztóban 2-t kiválasztani).";"- A 2 hely nem választható / a foglalás elutasítva, érthető üzenettel.
- DB változatlan.";"Igen";"0";"";"Tervezett"
"TC-FOGL-004";"Szerver: kapacitás feletti foglalás API-n elutasítva";"FOGL";"KAN-6; spec 4.1";"P1";"Negatív";"Szerver oldali validáció";"Supabase";"H-SZUK (1 hely, szabad). K munkamenete.";"book_ride(H-SZUK, 2)";"1. K nevében hívd a book_ride RPC-t 2 hellyel.";"- Hiba: „Nincs elég szabad hely”. Nem jön létre foglalás, nincs e-mail.";"Igen";"0";"";"Tervezett"
"TC-FOGL-005";"Szerver: sofőr nem foglalhat a saját hirdetésére";"FOGL";"KAN-6; spec 4.4";"P1";"Negatív";"Szerver oldali validáció";"Supabase";"H-ALAP. S munkamenete.";"book_ride(H-ALAP, 1)";"1. S nevében hívd a book_ride RPC-t a saját hirdetésére.";"- Hiba: „Saját hirdetésedre nem foglalhatsz helyet.” Nincs foglalás, nincs e-mail.";"Igen";"0";"";"Tervezett"
"TC-FOGL-006";"Szerver: 0 vagy negatív helyre nem lehet foglalni";"FOGL";"spec 2.4; séma";"P2";"Határérték";"Határérték-elemzés";"Supabase";"H-ALAP. U1 munkamenete.";"book_ride p_seats = 0, -1";"1. Hívd a book_ride RPC-t 0, majd -1 hellyel.";"- Mindkettő hibával elutasítva.";"Igen";"0";"";"Tervezett"
"TC-FOGL-007";"Ismételt foglalás ugyanarra a hirdetésre a meglévő foglalást módosítja";"FOGL";"KAN-31; spec 4.23";"P1";"Pozitív";"Állapotátmenet";"Böngésző + Supabase";"U1-nek 1 helyes aktív foglalása van H-ALAP-on (4 hely). Az első foglalás időpontja rögzítve.";"+2 hely";"1. U1-ként nyisd meg újra H-ALAP-ot, és foglalj még 2 helyet.";"- U1 Foglalásaim oldalán EGY aktív foglalás látszik 3 hellyel.
- DB: U1-nek pontosan egy aktív bookings sora van H-ALAP-on, seats_booked = 3; created_at a módosítás ideje.
- S a „módosítás” sablont kapja (booking_updated), NEM az „új foglalás” sablont.";"Igen";"4";"E-mail: 2 a kiinduló foglalás + 2 a módosítás.";"Tervezett"
"TC-FOGL-008";"Ismételt foglalás, amely túllépné a kapacitást, elutasítva";"FOGL";"KAN-31; spec 4.23";"P1";"Határérték";"Határérték-elemzés";"Böngésző + Supabase";"U1-nek 3 helyes foglalása van H-ALAP-on (4 hely, 1 szabad).";"+2 hely";"1. U1-ként próbálj még 2 helyet foglalni H-ALAP-ra.";"- Elutasítva, érthető üzenettel.
- DB: a meglévő foglalás változatlanul 3 hely, nincs új sor, nincs e-mail.";"Igen";"0";"";"Tervezett"
"TC-FOGL-009";"Foglalás növelése a Foglalásaim oldalon a szabad helyek erejéig";"FOGL";"KAN-17; spec 4.17";"P1";"Határérték";"Határérték-elemzés";"Böngésző + Supabase";"U2-nek 2 helyes foglalása van H-FOGLALT-on; 1 szabad hely maradt.";"Új érték: 3, majd 4";"1. U2-ként a Foglalásaim oldalon szerkeszd a foglalást 3 helyre, mentsd.
2. Próbáld 4-re növelni.";"- 3: sikeres, a szabad helyek 0-ra csökkennek, S módosítás-e-mailt kap.
- 4: nem választható / elutasítva.";"Igen";"2";"";"Tervezett"
"TC-FOGL-010";"Szerver: foglalás-módosítás a kapacitás felett API-n";"FOGL";"KAN-17; spec 4.17";"P1";"Negatív";"Szerver oldali validáció";"Supabase";"U2 foglalása H-FOGLALT-on, 0 szabad hely.";"update_booking(+1 a jelenleginél)";"1. U2 nevében hívd az update_booking RPC-t a jelenleginél 1-gyel nagyobb értékkel.";"- Hiba; DB változatlan; nincs e-mail.";"Igen";"0";"";"Tervezett"
"TC-FOGL-011";"Foglalás csökkentése felszabadítja a helyeket";"FOGL";"KAN-17; spec 4.17";"P2";"Pozitív";"Állapotátmenet";"Böngésző + Supabase";"U2-nek 3 helyes foglalása van H-FOGLALT-on.";"Új érték: 1";"1. U2-ként csökkentsd a foglalást 1 helyre.";"- A foglalás 1 helyes; a hirdetésen 2 hely felszabadul.
- S módosítás-e-mailt kap (régi/új helyszámmal).";"Igen";"2";"";"Tervezett"
"TC-FOGL-012";"Foglalás nullára csökkentése = lemondás, célzott megerősítő kérdéssel";"FOGL";"KAN-17, KAN-18; spec 4.17, 4.18";"P1";"Határérték";"Állapotátmenet";"Böngésző + Supabase";"U2-nek 1 helyes aktív foglalása van H-FOGLALT-on.";"Új érték: 0";"1. U2-ként állítsd a foglalást 0-ra.
2. A megjelenő ablakban nyomd a Mégse gombot, ellenőrizd az állapotot.
3. Ismételd meg, most erősítsd meg.";"- A kérdés szövege: „Törölni akarod a foglalásodat?”.
- Mégse után a foglalás változatlan.
- Megerősítés után a foglalás „Lemondva” állapotú, a hely felszabadul, lemondás-e-mail megy (booking_cancelled, nem booking_updated).";"Igen";"2";"";"Tervezett"
"TC-FOGL-013";"Lemondott foglalás nem módosítható";"FOGL";"spec 2.4 (állapotok)";"P2";"Negatív";"Állapotátmenet";"Supabase";"U2-nek van Lemondva állapotú foglalása.";"update_booking(lemondott, 1)";"1. U2 nevében hívd az update_booking RPC-t a lemondott foglalásra.";"- Hiba; a foglalás Lemondva marad; nincs e-mail.";"Igen";"0";"";"Tervezett"
"TC-FOGL-014";"Elindult hirdetésre nem lehet foglalni";"FOGL";"migráció: prevent_actions_on_departed_listings";"P2";"Negatív";"Határérték-elemzés";"Böngésző + Supabase";"H-LEJAR indulási ideje elmúlt. U2 bejelentkezve.";"book_ride(H-LEJAR, 1)";"1. Próbáld közvetlen URL-lel megnyitni és foglalni a felületen.
2. Hívd a book_ride RPC-t is.";"- A felület nem enged foglalni.
- API: „Ez a hirdetés már lejárt, nem lehet rá foglalni.”";"Igen";"0";"";"Tervezett"
"TC-FOGL-015";"Törölt hirdetésre nem lehet foglalni";"FOGL";"spec 4.12";"P2";"Negatív";"Állapotátmenet";"Supabase";"H-TOROL törölve.";"book_ride(H-TOROL, 1) K nevében";"1. K nevében hívd a book_ride RPC-t a törölt hirdetésre.";"- Hiba: „Ez a hirdetés már nem aktív.”";"Igen";"0";"";"Tervezett"
"TC-FOGL-016";"Párhuzamos foglalás az utolsó helyre — nincs túlfoglalás";"FOGL";"spec 4.1";"P1";"Negatív";"Párhuzamosság";"Supabase";"H-SZUK: 1 szabad hely. U1 és U2 munkamenete.";"U1 és U2 egyszerre book_ride(H-SZUK, 1)";"1. Indítsd el a két foglalást egyszerre (Promise.allSettled).
2. Ellenőrizd az eredményt és a DB-t.
3. Szabadítsd fel a helyet (a sikeres foglalás lemondása), és ismételd meg összesen 3×.";"- Minden körben pontosan egy foglalás sikeres, a másik hibával elutasítva.
- A foglalt helyek összege soha nem haladja meg a hirdetés helyeit (invariáns).";"Igen";"12";"Minden kör: 2 (foglalás) + 2 (lemondás). 3 kör = 12 e-mail. E-mail-keret miatt legfeljebb 3 kör.";"Tervezett"
"TC-FOGL-017";"Párhuzamos ismételt foglalás ugyanattól az utastól — egy aktív foglalás marad";"FOGL";"spec 4.23";"P1";"Negatív";"Párhuzamosság";"Supabase";"H-PAR: QA_Budapest → Nyíregyháza, ma+12 11:00, J-A, 4 hely, foglalás nélkül.";"U2 kétszer egyszerre book_ride(H-PAR, 1)";"1. Indítsd a két kérést egyszerre.";"- U2-nek pontosan egy aktív foglalása van H-PAR-on, 2 hellyel (vagy 1, ha az egyik kérés elbukott) — két külön aktív sor nem jöhet létre.";"Igen";"4";"";"Tervezett"
"TC-FOGL-018";"Dupla kattintás a Foglalás gombon";"FOGL";"Hibasejtés";"P2";"Hibasejtés";"Hibasejtés";"Böngésző + Supabase";"H-FOGLALT legalább 2 szabad hellyel, K bejelentkezve.";"1 hely, dupla kattintás";"1. K-ként válassz 1 helyet és kattints kétszer gyorsan a foglalás gombra.";"- Egy foglalás jön létre. Ha 2 hely lett belőle (összevonás miatt), az Megfigyelés/hiba: a felhasználó 1-et kért.";"Nem";"2";"K-nak nincs jóváhagyott Mailgun-címe: az utasnak szóló levél elbukik (várt), S levele megérkezik.";"Tervezett"
"TC-FOGL-019";"Vendég nem tud foglalni";"FOGL";"spec 1";"P2";"Negatív";"Jogosultsági mátrix";"Böngésző";"V (kijelentkezve).";"H-ALAP";"1. Kijelentkezve nyisd meg H-ALAP-ot, próbálj foglalni.";"- A foglalás nem jön létre; a rendszer bejelentkezésre irányít vagy ezt kéri.";"Igen";"0";"";"Tervezett"
"TC-KONT-001";"Foglalás-visszaigazoló e-mail tartalma az utasnak";"KONT";"KAN-7, KAN-23; spec 3.6, 4.6, 4.15";"P1";"Pozitív";"Használati eset";"Böngésző (postafiók)";"TC-FOGL-001 lefutott (U1 levele).";"U1 postafiók (omeckl@yahoo.com) — a felhasználó osztja meg";"1. Nyisd meg U1 foglalás-visszaigazoló levelét.";"- Magyar nyelvű, a tárgy/feladó egyértelműen Telekocsi.
- Tartalmazza: sofőr neve, útvonal, dátum/idő, jármű, rendszám (QAA-101), végösszeg, sofőr telefonszáma ÉS e-mail címe.";"Nem";"0";"";"Tervezett"
"TC-KONT-002";"Új foglalás e-mail tartalma a sofőrnek";"KONT";"KAN-7, KAN-23; spec 4.6";"P1";"Pozitív";"Használati eset";"Böngésző (postafiók)";"TC-FOGL-001 lefutott (S levele).";"jfkovesi@gmail.com postafiók";"1. Nyisd meg S új utas értesítőjét.";"- Magyar, Telekocsi-branding.
- Tartalmazza: utas neve, foglalt helyek, útvonal/dátum, utas telefonszáma ÉS e-mail címe.";"Nem";"0";"";"Tervezett"
"TC-KONT-003";"A foglaló utas látja a rendszámot és a sofőr elérhetőségét";"KONT";"KAN-3, KAN-7; spec 4.7";"P1";"Pozitív";"Jogosultsági mátrix";"Böngésző";"U1 aktív foglalással H-FOGLALT-on.";"—";"1. U1-ként nézd meg a Foglalásaim oldalt és a hirdetés részleteit.";"- A rendszám (QAA-101), a sofőr telefonszáma és e-mail címe látszik.";"Igen";"0";"";"Tervezett"
"TC-KONT-004";"Nem foglaló felhasználó nem látja a rendszámot és a kontaktadatokat";"KONT";"KAN-3; spec 4.7, 2.1";"P1";"Negatív";"Jogosultsági mátrix";"Böngésző";"K bejelentkezve, nincs foglalása H-FOGLALT-on.";"—";"1. K-ként nyisd meg H-FOGLALT részleteit.
2. Nézd meg az oldal forrását / hálózati válaszait is.";"- Rendszám, sofőr telefon és e-mail nem látszik a felületen.
- A hálózati válaszokban sem szerepel (nem csak elrejtve).";"Részben";"0";"";"Tervezett"
"TC-KONT-005";"Vendég nem látja a rendszámot és a kontaktadatokat";"KONT";"spec 4.7";"P1";"Negatív";"Jogosultsági mátrix";"Böngésző";"V (kijelentkezve).";"H-FOGLALT";"1. Kijelentkezve nyisd meg a hirdetést (ha elérhető), nézd a hálózati válaszokat is.";"- Rendszám, telefon, e-mail sem a felületen, sem a hálózati válaszokban nem jelenik meg.";"Részben";"0";"";"Tervezett"
"TC-KONT-006";"Szerver: rendszám és telefon nem kérdezhető le jogosulatlanul API-n";"KONT";"spec 4.7, 2.1";"P1";"Negatív";"Jogosultsági mátrix";"Supabase";"K munkamenete (nincs foglalása H-FOGLALT-on) és anon munkamenet.";"REST: listings (car_plate), vehicles, profiles (phone), my_* nézetek, ride details RPC/nézet";"1. K nevében és anonim módon kérdezd le a listings tábla car_plate mezőjét H-FOGLALT-ra.
2. Kérdezd le S profiles sorát (phone).
3. Kérdezd le a vehicles táblát J-A-ra.
4. Hívd a hirdetés-részletező RPC-t / nézetet H-FOGLALT-ra.";"- Egyik lekérdezés sem ad vissza rendszámot, telefonszámot vagy e-mail címet K-nak vagy anon felhasználónak.";"Igen";"0";"Kritikus súlyosságú, ha bármelyik adatot visszaadja.";"Tervezett"
"TC-KONT-007";"Utasaim listán az utas telefonszáma és e-mail címe látszik";"KONT";"KAN-13, KAN-23; spec 4.16";"P2";"Pozitív";"Használati eset";"Böngésző";"S hirdetésein U1 és U2 aktív foglalással.";"—";"1. S-ként nyisd meg az Utasaim oldalt.";"- Minden foglalásnál látszik az utas neve, telefonszáma és e-mail címe.";"Igen";"0";"";"Tervezett"
"TC-KONT-008";"Lemondás / törlés után az egykori utas már nem látja a rendszámot és a kontaktadatokat";"KONT";"KAN-3, KAN-7; spec 4.6, 4.7 (v11)";"P1";"Negatív";"Jogosultsági mátrix";"Böngésző + Supabase";"U2-nek Lemondva állapotú foglalása van H-FOGLALT-on, más aktív foglalása nincs rajta.";"—";"1. U2-ként nézd meg a Foglalásaim korábbi blokkját és a hirdetés részleteit.";"- U2 a felületen (Foglalásaim korábbi blokk, hirdetés részletei) nem látja a rendszámot, a sofőr telefonszámát és e-mail címét.
- A hálózati válaszokban és U2 munkamenetével API-n (my_bookings, részletező RPC) sem kapja meg ezeket.
- Ugyanez igaz a „Törölt” foglalásra (U1/U2 a TC-LEMOND-004 után).";"Igen";"0";"SQ-7 lezárva (v11): csak aktív foglalásnál látható. Személyes adat → eltérés esetén legalább Magas súlyosság.";"Tervezett"
"TC-LEMOND-001";"Utas lemondása — a Mégse nem változtat semmit";"LEMOND";"KAN-18; spec 4.18";"P1";"Negatív";"Állapotátmenet";"Böngésző + Supabase";"U1 aktív foglalással H-FOGLALT-on.";"—";"1. U1-ként kattints a Lemondás gombra.
2. A megerősítő ablakban nyomd a Mégse gombot.";"- Saját (nem natív) megerősítő ablak jelenik meg.
- Mégse után a foglalás aktív, a helyek száma változatlan, nincs e-mail.";"Igen";"0";"";"Tervezett"
"TC-LEMOND-002";"Utas lemondása megerősítéssel";"LEMOND";"KAN-8; spec 4.5, 4.21";"P1";"Pozitív";"Állapotátmenet";"Böngésző + Supabase";"U1 aktív foglalással H-FOGLALT-on.";"—";"1. U1-ként mondd le a foglalást, erősítsd meg.";"- A foglalás „Lemondva” állapotú, a Foglalásaim korábbi blokkjában látszik (nem tűnik el).
- A hely felszabadul a hirdetésen.
- S értesítést kap; U1 visszaigazolást kap (booking_cancelled).";"Igen";"2";"";"Tervezett"
"TC-LEMOND-003";"Hirdetés törlése — a Mégse nem változtat semmit";"LEMOND";"KAN-18; spec 4.18";"P1";"Negatív";"Állapotátmenet";"Böngésző + Supabase";"H-TOROL aktív, U1 és U2 foglalással.";"—";"1. S-ként kattints H-TOROL törlésére, a megerősítő ablakban nyomd a Mégse gombot.";"- A hirdetés és a foglalások változatlanul aktívak; nincs e-mail.";"Igen";"0";"";"Tervezett"
"TC-LEMOND-004";"Hirdetés törlése foglalásokkal — a foglalások „Törölt” állapotba kerülnek";"LEMOND";"KAN-8, KAN-29; spec 4.12, 4.21";"P1";"Pozitív";"Állapotátmenet";"Böngésző + Supabase";"H-TOROL: QA_Budapest → Eger, ma+20, J-A, U1 1 hely + U2 1 hely.";"—";"1. S-ként töröld H-TOROL-t, erősítsd meg.
2. Nézd meg U1 és U2 Foglalásaim oldalát, S Utasaim és Hirdetéseim oldalát.
3. Nézd meg az Edge Function naplót.";"- A hirdetés törölt; U1 és U2 foglalása „Törölt” címkével látszik (NEM „Lemondva”, és nem tűnik el).
- Pontosan EGY listing_cancelled esemény fut; booking_cancelled esemény NEM fut.
- S „Hirdetésed törölve”, U1 és U2 „A sofőr törölte az utat” levelet kap.";"Igen";"7";"E-mail: 4 a két beállító foglalás + 3 a törlés.";"Tervezett"
"TC-LEMOND-005";"Törölt hirdetés foglaltság-pillanatképe";"LEMOND";"spec 4.25";"P2";"Pozitív";"Adat-ellenőrzés";"Böngésző + Supabase";"TC-LEMOND-004 lefutott (2 hely volt foglalva).";"—";"1. S-ként nézd meg a Hirdetéseim korábbi blokkjában H-TOROL kártyáját.
2. Kérdezd le a listings sor pillanatkép-mezőjét.";"- A kártyán „· 2 foglalás volt” (vagy a Lejárt kártyákkal azonos formátum, 2-es értékkel).
- DB: a pillanatkép-mező = 2.";"Igen";"0";"A KAN-20/KAN-30 story még azt írja, hogy törölt kártyán nincs foglalás-szám — a v9-es spec (4.25) felülírja (SQ-10).";"Tervezett"
"TC-LEMOND-006";"Elindult út foglalása nem mondható le, hirdetése nem törölhető";"LEMOND";"KAN-8; spec 4.5, 4.12 (v11)";"P2";"Negatív";"Állapotátmenet";"Böngésző + Supabase";"H-LEJAR elindult, U1 aktív (most már Lejárt) foglalással.";"—";"1. U1-ként próbáld lemondani a foglalást (felületen és cancel_booking hívással).
2. S-ként próbáld törölni H-LEJAR-t.";"- Mindkét művelet tiltott; DB változatlan; nincs e-mail.";"Igen";"0";"SQ-9 lezárva (v11): elindult hirdetés a sofőr által sem törölhető.";"Tervezett"
"TC-LEMOND-007";"Már lemondott foglalás ismételt lemondása";"LEMOND";"spec 2.4";"P2";"Negatív";"Állapotátmenet";"Supabase";"U1-nek Lemondva állapotú foglalása van.";"cancel_booking(lemondott)";"1. U1 nevében hívd a cancel_booking RPC-t a már lemondott foglalásra.";"- Hiba vagy hatástalan hívás; nem megy újabb e-mail; a felszabadult helyek száma nem nő még egyszer.";"Igen";"0";"";"Tervezett"
"TC-LISTA-001";"Foglalásaim: Aktív blokk növekvő, korábbi blokk csökkenő, soronkénti címkével";"LISTA";"KAN-30; spec 4.22";"P1";"Pozitív";"Állapotátmenet";"Böngésző";"U1-nek van aktív (H-ALAP), Lemondva (H-FOGLALT), Törölt (H-TOROL) és Lejárt (H-LEJAR) foglalása. Ha van több aktív, a sorrend is ellenőrizhető.";"—";"1. U1-ként nyisd meg a Foglalásaim oldalt.";"- Felül Aktív blokk, utazási idő szerint növekvő.
- Alatta egy összevont korábbi blokk, alkategória-fejléc nélkül, utazási idő szerint csökkenő, soronkénti Lemondva / Törölt / Lejárt címkével.
- Minden sorban látszik az út dátuma és időpontja.";"Igen";"0";"";"Tervezett"
"TC-LISTA-002";"Hirdetéseim: blokkok, rendezés, címkék és ikon";"LISTA";"KAN-20, KAN-30; spec 4.20, 4.22";"P2";"Pozitív";"Állapotátmenet";"Böngésző";"S-nek vannak aktív, törölt és lejárt QA hirdetései.";"—";"1. S-ként nyisd meg a Hirdetéseim oldalt.";"- Aktív blokk növekvő, korábbi blokk (Lejárt / Törölt) csökkenő, soronkénti címkével.
- A kártyákon egyszerű ikon van, nem célállomás-fotó.
- Lejárt kártyán „· X foglalás volt”, törölt kártyán a pillanatkép száma (lásd TC-LEMOND-005).";"Igen";"0";"";"Tervezett"
"TC-LISTA-003";"Utasaim globális nézet: rendezés és másodlagos rendezés";"LISTA";"KAN-13, KAN-22, KAN-30; spec 4.22";"P1";"Pozitív";"Állapotátmenet";"Böngésző";"S egyik hirdetésén (pl. H-FOGLALT) U1 és U2 is foglalt, U2 később; más hirdetésen is van foglalás; van Lemondva/Törölt/Lejárt foglalás is.";"—";"1. S-ként nyisd meg az Utasaim oldalt (menüből, szűrés nélkül).";"- Aktív blokk utazási idő szerint növekvő; azonos hirdetésen belül a foglalás/módosítás ideje szerint csökkenő (U2 U1 előtt).
- Korábbi blokk csökkenő, soronkénti címkével.
- Minden sorban út dátuma, időpontja és az utas adatai.";"Igen";"0";"";"Tervezett"
"TC-LISTA-004";"Utasaim szűrt nézet egy hirdetésről";"LISTA";"KAN-13; spec 4.16, 4.22 (v9)";"P2";"Pozitív";"Használati eset";"Böngésző";"H-FOGLALT-on van aktív és korábbi (Lemondva) foglalás is.";"—";"1. S-ként nyisd meg H-FOGLALT adatlapját, kattints az „Utasaim” linkre.";"- Csak H-FOGLALT foglalásai jelennek meg.
- A korábbi blokk soraiban is látszik az út dátuma és időpontja (v9).";"Igen";"0";"";"Tervezett"
"TC-LISTA-005";"Foglalás nélküli hirdetésen nincs „Utasaim” link";"LISTA";"KAN-13; spec 4.16";"P3";"Negatív";"Döntési tábla";"Böngésző";"H-ALAP foglalás nélkül (vagy egy új, foglalás nélküli QA hirdetés).";"—";"1. S-ként nyisd meg a foglalás nélküli hirdetés adatlapját.";"- Nem jelenik meg „Utasaim” link.";"Igen";"0";"";"Tervezett"
"TC-LISTA-006";"Új foglalás jelzése (badge) a menüben";"LISTA";"KAN-13; spec 4.16";"P2";"Pozitív";"Állapotátmenet";"Böngésző";"S megnyitotta az Utasaim oldalt (nincs badge). Ezután U1 új foglalást tesz S egyik hirdetésére.";"—";"1. U1-ként foglalj S egyik hirdetésére.
2. S-ként navigálj az oldalon (vagy jelentkezz be újra).";"- A főmenü és a legördülő profilmenü „Utasaim” pontja jelzést mutat.
- Az új foglalás „friss” jelöléssel jelenik meg az Utasaim listán.";"Igen";"2";"";"Tervezett"
"TC-LISTA-007";"A badge és a „friss” jelölés eltűnik az Utasaim megnyitásakor";"LISTA";"KAN-13; spec 4.16, 2.1";"P2";"Pozitív";"Állapotátmenet";"Böngésző + Supabase";"TC-LISTA-006 után badge látszik.";"—";"1. S-ként nyisd meg az Utasaim oldalt, majd navigálj el és vissza.";"- A badge eltűnik; visszatéréskor a „friss” jelölés már nincs.
- DB: S utolsó megtekintési időpontja frissült.";"Igen";"0";"";"Tervezett"
"TC-LISTA-008";"Elindult út foglalása „Lejárt” címkével a korábbi blokkba kerül";"LISTA";"KAN-22; spec 4.22";"P2";"Határérték";"Határérték-elemzés";"Böngésző";"H-LEJAR: U1 aktív foglalással, indulás most+20 perc.";"—";"1. Indulás előtt nézd meg U1 Foglalásaim és S Utasaim / Hirdetéseim oldalát.
2. Indulás után 1-2 perccel frissíts.";"- Indulás előtt az Aktív blokkban van.
- Indulás után mindhárom listán a korábbi blokkban, „Lejárt” címkével.";"Részben";"0";"SQ-2 lezárva (v11): az indulási időpont számít.";"Tervezett"
"TC-LISTA-009";"Üres listák érthető üres állapottal";"LISTA";"Hibasejtés";"P3";"Hibasejtés";"Hibasejtés";"Böngésző";"K bejelentkezve (nincs foglalása, hirdetése, járműve).";"—";"1. K-ként nyisd meg a Foglalásaim, Hirdetéseim, Utasaim és Járműveim oldalt.";"- Mindenhol érthető, magyar üres állapot üzenet, nincs hiba, nincs üres fehér oldal.";"Igen";"0";"";"Tervezett"
"TC-EMAIL-001";"Sablon-mátrix: minden művelet a helyes e-mail sablont váltja ki";"EMAIL";"KAN-15, KAN-16, KAN-31; spec 4.15, 4.23";"P1";"Pozitív";"Döntési tábla";"Supabase + postafiók";"A futás FOGL/LEMOND tesztjei lefutottak.";"Edge Function napló (notify-booking) a futás időablakára";"1. Gyűjtsd össze a naplóból a futás összes eseményét (event, target, ok).
2. Párosítsd a kiváltó tesztesettel.";"- Új foglalás → booking_created; ismételt foglalás és helyszám-módosítás → booking_updated; utas lemondása és 0-ra csökkentés → booking_cancelled; hirdetés törlése → egyetlen listing_cancelled.
- Váratlan vagy hiányzó esemény nincs.";"Igen";"0";"";"Tervezett"
"TC-EMAIL-002";"Minden megkapott levél magyar nyelvű és Telekocsi-azonosítású";"EMAIL";"KAN-16; spec 4.15";"P2";"Pozitív";"Ellenőrzőlista";"Böngésző (postafiók)";"A futás levelei megérkeztek S, U1, U2 postafiókjába.";"—";"1. Nézd végig a futás összes levelét (a felhasználó osztja meg a postafiókokból).";"- Minden levél magyar, a tárgy és a feladó egyértelműen Telekocsi; nincs angol sablonszöveg vagy kitöltetlen változó.";"Nem";"0";"";"Tervezett"
"TC-EMAIL-003";"A regisztráció-megerősítő levél magyar és Telekocsi-azonosítású";"EMAIL";"KAN-16; spec 4.15";"P2";"Pozitív";"Ellenőrzőlista";"Böngésző (postafiók)";"TC-AUTH-001 megerősítő levele.";"—";"1. Nézd meg a megerősítő levél tárgyát, feladóját és szövegét.";"- Magyar nyelvű, Telekocsi-azonosítású.";"Nem";"0";"";"Tervezett"
"TC-EMAIL-004";"A kívülálló semmilyen művelet során nem kap levelet";"EMAIL";"spec 4.6";"P2";"Negatív";"Jogosultsági mátrix";"Supabase";"A futás lefutott; K nem foglalt S hirdetéseire (TC-FOGL-018 kivételével).";"Napló";"1. Szűrd a naplót K címére / azonosítójára.";"- K csak a saját foglalásával kapcsolatos levelet kapta (TC-FOGL-018); más szereplők műveleteiről nem kap levelet.";"Igen";"0";"";"Tervezett"
"TC-EMAIL-005";"Az e-mail-küldés hibája nem akadályozza a műveletet";"EMAIL";"e-mail infrastruktúra: a hiba lenyelése";"P2";"Negatív";"Hibasejtés";"Supabase";"TC-FOGL-018 (K-nak nem jóváhagyott Mailgun-cím).";"Napló";"1. Nézd meg a naplóban K levelének hibáját és a foglalás állapotát.";"- A Mailgun elutasította K levelét (403), de a foglalás létrejött és aktív.";"Igen";"0";"";"Tervezett"
"TC-UI-001";"A böngészőfül címe „Telekocsi”";"UI";"KAN-32";"P3";"Regresszió";"Ellenőrzőlista";"Böngésző";"—";"Oldalak: főoldal, részletek, Foglalásaim, Hirdetéseim, Utasaim, Járműveim, bejelentkezés";"1. Nyisd meg sorban az oldalakat, nézd a fül címét.";"- Mindenhol „Telekocsi”.";"Igen";"0";"";"Tervezett"
"TC-UI-002";"Soha nincs törött kép a kártyákon és a részletező oldalon";"UI";"KAN-24; spec 4.26";"P3";"Regresszió";"Hibasejtés";"Böngésző";"Legalább egy ismert (Debrecen) és egy új célállomású QA hirdetés.";"—";"1. Nézd meg a főoldali kártyákat és a részletező oldalakat, a hálózati kéréseket is.";"- Minden kártyán célállomás-fotó vagy a statikus tartalékkép látszik; nincs törött kép ikon vagy 404-es kép.";"Igen";"0";"";"Tervezett"
"TC-UI-003";"Vissza gomb a Profil → Foglalásaim úton";"UI";"KAN-25";"P3";"Regresszió";"Használati eset";"Böngésző";"U1 bejelentkezve.";"—";"1. Profil oldalról nyisd meg a Foglalásaim oldalt, kattints a Vissza gombra.";"- A Vissza gomb látszik, és a Profil oldalra visz.";"Igen";"0";"";"Tervezett"
"TC-UI-004";"Utasaim Vissza gomb a navigációs helytől függően";"UI";"KAN-25";"P3";"Regresszió";"Döntési tábla";"Böngésző";"S, H-FOGLALT foglalással.";"—";"1. Hirdetés adatlapjáról nyisd meg az Utasaim oldalt, kattints Vissza.
2. A főmenüből nyisd meg az Utasaim oldalt.";"- Hirdetésről érkezve van Vissza gomb, és az adatlapra visz.
- Menüből érkezve nincs Vissza gomb.";"Igen";"0";"";"Tervezett"
"TC-UI-005";"Egységes jármű-ikon";"UI";"KAN-26, KAN-33";"P3";"Regresszió";"Ellenőrzőlista";"Böngésző";"S, H-ALAP.";"—";"1. Hasonlítsd össze a jármű-ikont a Járműveim, a Hirdetéseim (aktív kártya) és az útrészletező „Jármű” szekciójában.";"- Mindhárom helyen ugyanaz az ikon-rajzolat.";"Nem";"0";"";"Tervezett"
"TC-UI-006";"Foglalásaim gombjai a kártya jobb felső sarkában";"UI";"KAN-35";"P3";"Regresszió";"Ellenőrzőlista";"Böngésző";"U1 aktív foglalással.";"—";"1. Nézd meg az aktív foglalás-kártyát.";"- A Szerkesztés (felül) és a Lemondás (alatta) kisméretű gombként a jobb felső sarokban van, a Hirdetéseim/Járműveim oldallal egyező stílusban.";"Nem";"0";"";"Tervezett"
"TC-UI-007";"Mobil nézet: a fő folyamat használható";"UI";"Nem funkcionális kiegészítés";"P2";"Pozitív";"Használati eset";"Böngésző";"Böngésző 390×844-es méretben, U2 bejelentkezve.";"—";"1. Mobil nézetben: keresés → hirdetés részletei → foglalás → Foglalásaim → lemondás (Mégse).
2. Nyisd meg a menüt és a profilmenüt.";"- Minden elem elérhető és kattintható, nincs vízszintes görgetés, nincs kilógó vagy átfedő elem.";"Igen";"0";"";"Tervezett"
"TC-UI-008";"Nincs JavaScript-hiba és 4xx/5xx válasz a fő oldalakon";"UI";"Hibasejtés";"P2";"Negatív";"Ellenőrzőlista";"Böngésző";"S bejelentkezve.";"Minden fő oldal";"1. Nyisd meg sorban a fő oldalakat, olvasd ki a konzolt és a hálózati kéréseket.";"- Nincs JavaScript-hiba és nincs váratlan 4xx/5xx válasz (a szándékos jogosultsági elutasítások kivételével).";"Igen";"0";"";"Tervezett"
"TC-UI-009";"Célállomás-fotó cache: egy célállomás egyszer kerül keresésre";"UI";"spec 4.26, 2.5";"P3";"Pozitív";"Adat-ellenőrzés";"Supabase";"Új, még nem cache-elt célállomás (pl. 'Sopron') és egy már Kész állapotú (Debrecen).";"—";"1. Hozz létre egy hirdetést Sopron célállomással, kérdezd le a destination_photo_cache sort.
2. Hozz létre második hirdetést Debrecenbe, ellenőrizd, hogy nem indul új keresés.";"- Sopronhoz létrejön a sor (Folyamatban → Kész/Hibás); amíg nincs Kész, a tartalékkép látszik.
- Debrecennél nincs új keresés (a sor updated_at nem változik).";"Részben";"0";"Ha nincs beállítva Unsplash-kulcs, az állapot Hibás lesz — ez környezeti ok, nem termékhiba.";"Tervezett"
"TC-JOG-001";"Más felhasználó hirdetése nem módosítható és nem törölhető API-n";"JOG";"spec 4.11, 4.12";"P1";"Negatív";"Jogosultsági mátrix";"Supabase";"K és U1 munkamenete. H-ALAP (S hirdetése).";"update_listing, cancel_listing, REST update/delete listings";"1. K és U1 nevében próbáld módosítani és törölni H-ALAP-ot minden elérhető úton.";"- Minden kísérlet elutasítva; DB változatlan; nincs e-mail.";"Igen";"0";"";"Tervezett"
"TC-JOG-002";"Más utas foglalása nem módosítható és nem mondható le";"JOG";"spec 4.5, 4.17";"P1";"Negatív";"Jogosultsági mátrix";"Supabase";"U1 aktív foglalással; U2 és S munkamenete.";"update_booking, cancel_booking U1 foglalására";"1. U2 nevében hívd az update_booking és cancel_booking RPC-t U1 foglalására.
2. S (a sofőr) nevében is próbáld.";"- U2 kísérletei elutasítva.
- S (sofőr) kísérlete: a tényleges viselkedés dokumentálva — a spec szerint csak a hirdetés törlésével szüntetheti meg.";"Igen";"0";"";"Tervezett"
"TC-JOG-003";"Egy utas nem látja más utasok foglalásait";"JOG";"spec 2.4";"P1";"Negatív";"Jogosultsági mátrix";"Supabase";"U1 és U2 is foglalt H-FOGLALT-ra.";"REST: bookings, my_bookings, my_passengers";"1. U2 nevében kérdezd le a bookings táblát és a my_bookings / my_passengers nézetet.";"- U2 csak a saját foglalásait látja; U1 foglalása (és adatai) nem jelennek meg.";"Igen";"0";"";"Tervezett"
"TC-JOG-004";"Más felhasználó járműve nem látható és nem módosítható";"JOG";"spec 2.2";"P1";"Negatív";"Jogosultsági mátrix";"Supabase";"K munkamenete. J-A, J-B (S járművei).";"REST: vehicles select/update/delete";"1. K nevében kérdezd le, módosítsd és töröld S járműveit.";"- A lekérdezés nem ad vissza S-hez tartozó sort; a módosítás/törlés hatástalan vagy hibás; DB változatlan.";"Igen";"0";"";"Tervezett"
"TC-JOG-005";"Más felhasználó profilja nem módosítható";"JOG";"spec 2.1";"P1";"Negatív";"Jogosultsági mátrix";"Supabase";"K munkamenete.";"REST: profiles update S sorára (phone, full_name)";"1. K nevében próbáld módosítani S profilját.";"- Hatástalan vagy hibás; S profilja változatlan.";"Igen";"0";"";"Tervezett"
"TC-JOG-006";"Anonim (vendég) API-hozzáférés személyes adathoz és RPC-khez";"JOG";"spec 2.1, 4.7";"P1";"Negatív";"Jogosultsági mátrix";"Supabase";"Csak a publikus (anon) kulcs, bejelentkezés nélkül.";"REST: profiles, bookings, vehicles, my_* nézetek; RPC: book_ride, update_booking, cancel_booking, create_listing";"1. Anonim módon kérdezd le a táblákat/nézeteket és hívd az RPC-ket.";"- Személyes adat nem jön vissza; a módosító RPC-k elutasítva.";"Igen";"0";"";"Tervezett"
"TC-JOG-007";"Más hirdetés szerkesztő oldala közvetlen URL-lel";"JOG";"spec 4.11";"P2";"Negatív";"Jogosultsági mátrix";"Böngésző";"K bejelentkezve; H-ALAP szerkesztő URL-je ismert (S-ként kimásolva).";"—";"1. K-ként nyisd meg közvetlenül H-ALAP szerkesztő URL-jét, próbálj menteni.";"- Nem jelenik meg szerkeszthető űrlap, vagy a mentés elutasítva; érthető üzenet.";"Igen";"0";"";"Tervezett"
"TC-JOG-008";"A belső trigger-függvények nem hívhatók API-n";"JOG";"e-mail infrastruktúra (revoke execute)";"P2";"Negatív";"Jogosultsági mátrix";"Supabase";"Anon és K munkamenete.";"RPC: notify_booking_created, notify_booking_cancelled, notify_booking_updated, notify_listing_cancelled";"1. Hívd meg a függvényeket /rest/v1/rpc/ úton anon és K nevében.";"- Minden hívás elutasítva (jogosultság hiánya); nem megy ki e-mail.";"Igen";"0";"";"Tervezett"
"TC-JOG-009";"Supabase biztonsági tanácsadó: nincs új figyelmeztetés";"JOG";"03-supabase-api.md";"P2";"Regresszió";"Ellenőrzőlista";"Supabase";"Supabase MCP hozzáférés.";"get_advisors(security)";"1. Futtasd a biztonsági tanácsadót.";"- Nincs új ERROR/WARN figyelmeztetés; az ismert, jóváhagyott auth_users_exposed (my_bookings, my_passengers) dokumentálva.";"Igen";"0";"";"Tervezett"
"TC-JOG-010";"A hibaüzenetek nem szivárogtatnak belső részletet";"JOG";"Hibasejtés";"P3";"Negatív";"Hibasejtés";"Böngésző + Supabase";"A futás negatív tesztjeinek hibaüzenetei.";"—";"1. Nézd át a felületen és az API-válaszokban megjelent hibaüzeneteket.";"- Nincs SQL-töredék, táblanév, stack trace vagy belső azonosító a felhasználónak szóló üzenetekben.";"Nem";"0";"";"Tervezett"
"TC-ADAT-001";"Invariáns: a foglalt helyek összege nem haladja meg a hirdetés helyeit";"ADAT";"spec 4.1";"P1";"Regresszió";"Invariáns";"Supabase";"A futás végén.";"Összes hirdetés (csak olvasás)";"1. Futtasd a qa/db/invariansok.sql megfelelő lekérdezését.";"- Üres eredmény.";"Igen";"0";"";"Tervezett"
"TC-ADAT-002";"Invariáns: a hirdetés helyei nem haladják meg a jármű férőhelyét";"ADAT";"spec 4.1, 4.2";"P1";"Regresszió";"Invariáns";"Supabase";"A futás végén.";"Aktív hirdetések";"1. Futtasd a lekérdezést.";"- Üres eredmény.";"Igen";"0";"";"Tervezett"
"TC-ADAT-003";"Invariáns: egy utasnak egy hirdetésen legfeljebb egy aktív foglalása van";"ADAT";"spec 4.23";"P1";"Regresszió";"Invariáns";"Supabase";"A futás végén.";"Aktív foglalások";"1. Futtasd a lekérdezést.";"- Üres eredmény (a v7 előtti, migrálatlan régi adatok külön jelölve, nem hibaként).";"Igen";"0";"";"Tervezett"
"TC-ADAT-004";"Invariáns: nincs saját hirdetésre szóló foglalás";"ADAT";"spec 4.4";"P1";"Regresszió";"Invariáns";"Supabase";"A futás végén.";"—";"1. Futtasd a lekérdezést.";"- Üres eredmény.";"Igen";"0";"";"Tervezett"
"TC-ADAT-005";"Invariáns: törölt hirdetésen nincs aktív foglalás";"ADAT";"spec 4.12, 4.21";"P1";"Regresszió";"Invariáns";"Supabase";"A futás végén.";"—";"1. Futtasd a lekérdezést.";"- Üres eredmény.";"Igen";"0";"";"Tervezett"
"TC-ADAT-006";"A szereplők teszt előtti adatai változatlanok";"ADAT";"SKILL.md 2.6 (valódi fiókok védelme)";"P1";"Regresszió";"Adat-ellenőrzés";"Supabase";"A futás elején elkészült leltár S, U1, U2 meglévő adatairól.";"Leltár-összevetés";"1. A futás végén ismételd meg a leltárt, és hasonlítsd össze a kezdetivel (a QA_ adatok kivételével).";"- A profilok, a nem QA_ járművek, hirdetések és foglalások változatlanok.";"Igen";"0";"";"Tervezett"
